"Ciclo";"Data";"Tipo";"Valor";"Saldo do ciclo";"Id";"Nota"
"Mundiais 2024";"02/01/2024";"Oferta";"503,10";"503,10";"0092981f";"centro antigo Missões Mundiais"
"Mundiais 2024";"21/01/2024";"Oferta";"355,00";"858,10";"42f1516a";""
"Mundiais 2024";"28/01/2024";"Oferta";"5,00";"863,10";"3d10924d";"centro antigo Missões Mundiais"
"Mundiais 2024";"28/01/2024";"Oferta";"50,10";"913,20";"768ebe40";"centro antigo Missões Mundiais"
"Mundiais 2024";"03/03/2024";"Oferta";"5,00";"918,20";"022a41d4";"centro antigo Missões Mundiais"
"Mundiais 2024";"03/03/2024";"Oferta";"5,00";"923,20";"31b32a4b";"centro antigo Missões Mundiais"
"Mundiais 2024";"03/03/2024";"Oferta";"295,00";"1218,20";"3604310d";"centro antigo Missões Mundiais"
"Mundiais 2024";"31/03/2024";"Oferta";"20,00";"1238,20";"5bd1d92b";"centro antigo Missões Mundiais"
"Mundiais 2024";"31/03/2024";"Oferta";"10,00";"1248,20";"d6dd8622";"centro antigo Missões Mundiais"
"Mundiais 2024";"31/03/2024";"Oferta";"1,40";"1249,60";"f564e3d0";"centro antigo Missões Mundiais"
"Mundiais 2024";"07/04/2024";"Oferta";"290,00";"1539,60";"1df57c96";"centro antigo Missões Mundiais"
"Mundiais 2024";"07/04/2024";"Oferta";"5,00";"1544,60";"52afcee4";"centro antigo Missões Mundiais"
"Mundiais 2024";"07/04/2024";"Oferta";"70,00";"1614,60";"5be0db2e";"centro antigo Missões Mundiais"
"Mundiais 2024";"28/04/2024";"Oferta";"21,50";"1636,10";"45576720";"centro antigo Missões Mundiais"
"Mundiais 2024";"28/04/2024";"Oferta";"20,00";"1656,10";"7c77fb5f";"centro antigo Missões Mundiais"
"Mundiais 2024";"05/05/2024";"Oferta";"50,00";"1706,10";"0e1e2a6b";"centro antigo Missões Mundiais"
"Mundiais 2024";"05/05/2024";"Oferta";"2,35";"1708,45";"33321a99";"centro antigo Missões Mundiais"
"Mundiais 2024";"05/05/2024";"Oferta";"50,00";"1758,45";"6a7f781b";"centro antigo Missões Mundiais"
"Mundiais 2024";"05/05/2024";"Oferta";"2,00";"1760,45";"72e958df";"centro antigo Missões Mundiais"
"Mundiais 2024";"05/05/2024";"Oferta";"300,00";"2060,45";"7323a63f";"centro antigo Missões Mundiais"
"Mundiais 2024";"05/05/2024";"Oferta";"6,00";"2066,45";"8956a95f";"centro antigo Missões Mundiais"
"Mundiais 2024";"12/05/2024";"Oferta";"2,00";"2068,45";"ace00eb4";""
"Mundiais 2024";"19/05/2024";"Oferta";"1,00";"2069,45";"43b72402";"centro antigo Missões Mundiais"
"Mundiais 2024";"19/05/2024";"Oferta";"0,90";"2070,35";"71cf4fe2";"centro antigo Missões Mundiais"
"Mundiais 2024";"19/05/2024";"Oferta";"20,00";"2090,35";"784a144e";"centro antigo Missões Mundiais"
"Mundiais 2024";"19/05/2024";"Oferta";"1,00";"2091,35";"a1f3f76f";"centro antigo Missões Mundiais"
"Mundiais 2024";"19/05/2024";"Oferta";"25,00";"2116,35";"e49bf8b8";"centro antigo Missões Mundiais"
"Mundiais 2024";"19/05/2024";"Oferta";"10,00";"2126,35";"fe61833b";"centro antigo Missões Mundiais"
"Mundiais 2024";"26/05/2024";"Oferta";"260,00";"2386,35";"1984cc75";"centro antigo Missões Mundiais"
"Mundiais 2024";"26/05/2024";"Oferta";"150,00";"2536,35";"32930b2e";""
"Mundiais 2024";"27/05/2024";"Oferta";"25,00";"2561,35";"a157a831";"centro antigo Missões Mundiais"
"Mundiais 2024";"27/05/2024";"Oferta";"20,00";"2581,35";"d5333be7";""
"Mundiais 2024";"27/05/2024";"Oferta";"20,00";"2601,35";"f7d89e5c";""
"Mundiais 2024";"02/06/2024";"Oferta";"200,00";"2801,35";"2296da81";"centro antigo Missões Mundiais"
"Mundiais 2024";"02/06/2024";"Oferta";"200,00";"3001,35";"30d25ef3";"centro antigo Missões Mundiais"
"Mundiais 2024";"02/06/2024";"Oferta";"220,00";"3221,35";"3a2a53e3";"centro antigo Missões Mundiais"
"Mundiais 2024";"02/06/2024";"Oferta";"62,00";"3283,35";"d3e84439";"centro antigo Missões Mundiais"
"Mundiais 2024";"02/06/2024";"Oferta";"20,00";"3303,35";"ef4a4126";"centro antigo Missões Mundiais"
"Mundiais 2024";"08/06/2024";"Oferta";"160,50";"3463,85";"48dc8207";""
"Mundiais 2024";"08/06/2024";"Oferta";"750,00";"4213,85";"7050bb41";"centro antigo Missões Mundiais"
"Mundiais 2024";"08/06/2024";"Oferta";"1000,00";"5213,85";"d00420eb";"centro antigo Missões Mundiais"
"Mundiais 2024";"09/06/2024";"Oferta";"10,00";"5223,85";"dbacb72f";"centro antigo Missões Mundiais"
"Mundiais 2024";"09/06/2024";"Oferta";"15,00";"5238,85";"ec07c0fa";"centro antigo Missões Mundiais"
"Mundiais 2024";"09/06/2024";"Oferta";"24,00";"5262,85";"fe8f97fd";"centro antigo Missões Mundiais"
"Mundiais 2024";"10/06/2024";"Oferta";"3,96";"5266,81";"01ffa3b1";"sem centro"
"Mundiais 2024";"10/06/2024";"Oferta";"12,88";"5279,69";"05e73cf9";"sem centro"
"Mundiais 2024";"10/06/2024";"Oferta";"28,73";"5308,42";"0de86408";"sem centro"
"Mundiais 2024";"10/06/2024";"Oferta";"39,63";"5348,05";"1381fbeb";"sem centro"
"Mundiais 2024";"10/06/2024";"Oferta";"50,00";"5398,05";"184d7a2c";"sem centro"
"Mundiais 2024";"10/06/2024";"Oferta";"79,26";"5477,31";"1abf0e25";"sem centro"
"Mundiais 2024";"10/06/2024";"Oferta";"99,08";"5576,39";"1d42982a";"sem centro"
"Mundiais 2024";"10/06/2024";"Oferta";"59,45";"5635,84";"2d83d124";"sem centro"
"Mundiais 2024";"10/06/2024";"Oferta";"29,72";"5665,56";"3658477e";"sem centro"
"Mundiais 2024";"10/06/2024";"Oferta";"14,86";"5680,42";"380617ab";"sem centro"
"Mundiais 2024";"10/06/2024";"Oferta";"17,83";"5698,25";"462719e3";"sem centro"
"Mundiais 2024";"10/06/2024";"Oferta";"10,00";"5708,25";"47b9213a";"sem centro"
"Mundiais 2024";"10/06/2024";"Oferta";"29,72";"5737,97";"57f7a106";"sem centro"
"Mundiais 2024";"10/06/2024";"Oferta";"151,10";"5889,07";"5916a3cf";"sem centro"
"Mundiais 2024";"10/06/2024";"Oferta";"27,74";"5916,81";"63fada5a";"sem centro"
"Mundiais 2024";"10/06/2024";"Oferta";"43,00";"5959,81";"6cefe395";"sem centro"
"Mundiais 2024";"10/06/2024";"Oferta";"23,78";"5983,59";"6e6bad5f";"sem centro"
"Mundiais 2024";"10/06/2024";"Oferta";"124,84";"6108,43";"740829df";"sem centro"
"Mundiais 2024";"10/06/2024";"Oferta";"74,31";"6182,74";"775f66cd";"sem centro"
"Mundiais 2024";"10/06/2024";"Oferta";"198,16";"6380,90";"793d09fb";"sem centro"
"Mundiais 2024";"10/06/2024";"Oferta";"362,13";"6743,03";"79e0f3df";"sem centro"
"Mundiais 2024";"10/06/2024";"Oferta";"20,81";"6763,84";"7a020724";"sem centro"
"Mundiais 2024";"10/06/2024";"Oferta";"59,45";"6823,29";"7d91c0d2";"sem centro"
"Mundiais 2024";"10/06/2024";"Oferta";"1384,18";"8207,47";"7e10d6f2";"sem centro"
"Mundiais 2024";"10/06/2024";"Oferta";"60,00";"8267,47";"888573cc";"sem centro"
"Mundiais 2024";"10/06/2024";"Oferta";"37,65";"8305,12";"8dff6e2f";"sem centro"
"Mundiais 2024";"10/06/2024";"Oferta";"5,94";"8311,06";"94f5f106";"sem centro"
"Mundiais 2024";"10/06/2024";"Oferta";"1192,21";"9503,27";"966a9fab";"sem centro"
"Mundiais 2024";"10/06/2024";"Oferta";"19,82";"9523,09";"98df895e";"sem centro"
"Mundiais 2024";"10/06/2024";"Oferta";"49,54";"9572,63";"9bf8e6c3";"sem centro"
"Mundiais 2024";"10/06/2024";"Oferta";"84,22";"9656,85";"a4032ba2";"sem centro"
"Mundiais 2024";"10/06/2024";"Oferta";"150,10";"9806,95";"a7ecb280";"sem centro"
"Mundiais 2024";"10/06/2024";"Oferta";"64,00";"9870,95";"ad6ecd75";"sem centro"
"Mundiais 2024";"10/06/2024";"Oferta";"49,54";"9920,49";"cc9168b6";"sem centro"
"Mundiais 2024";"10/06/2024";"Oferta";"123,85";"10044,34";"d871763c";"sem centro"
"Mundiais 2024";"10/06/2024";"Oferta";"17,83";"10062,17";"e637f15e";"sem centro"
"Mundiais 2024";"10/06/2024";"Oferta";"10,90";"10073,07";"f302a692";"sem centro"
"Mundiais 2024";"10/06/2024";"Oferta";"44,59";"10117,66";"f70a9dee";"sem centro"
"Mundiais 2024";"11/06/2024";"Oferta";"632,24";"10749,90";"8d1371b1";"sem centro"
"Mundiais 2024";"11/06/2024";"Oferta";"1057,87";"11807,77";"b3cba5aa";"sem centro"
"Mundiais 2024";"11/06/2024";"Oferta";"189,89";"11997,66";"eb1fefa8";"sem centro"
"Mundiais 2024";"13/06/2024";"Oferta";"80,00";"12077,66";"0bf439ff";"sem centro"
"Mundiais 2024";"14/06/2024";"Oferta";"850,10";"12927,76";"28375c42";"sem centro"
"Mundiais 2024";"14/06/2024";"Oferta";"1500,10";"14427,86";"e21a9006";"sem centro"
"Mundiais 2024";"14/06/2024";"Oferta";"2000,10";"16427,96";"f1a9a770";"sem centro"
"Mundiais 2024";"16/06/2024";"Oferta";"1,55";"16429,51";"0ca11fa6";"centro antigo Missões Mundiais"
"Mundiais 2024";"16/06/2024";"Oferta";"5,00";"16434,51";"16dbcdae";"centro antigo Missões Mundiais"
"Mundiais 2024";"16/06/2024";"Oferta";"20,00";"16454,51";"56080655";"centro antigo Missões Mundiais"
"Mundiais 2024";"16/06/2024";"Oferta";"2,00";"16456,51";"57ecd454";"centro antigo Missões Mundiais"
"Mundiais 2024";"16/06/2024";"Oferta";"5,00";"16461,51";"998fc47c";"centro antigo Missões Mundiais"
"Mundiais 2024";"16/06/2024";"Oferta";"292,00";"16753,51";"bbf0a74c";"centro antigo Missões Mundiais"
"Mundiais 2024";"16/06/2024";"Oferta";"350,00";"17103,51";"f8da7f4c";"centro antigo Missões Mundiais"
"Mundiais 2024";"16/06/2024";"Oferta";"20,00";"17123,51";"fd1bac21";"centro antigo Missões Mundiais"
"Mundiais 2024";"17/06/2024";"Oferta";"300,10";"17423,61";"552623bf";"sem centro"
"Mundiais 2024";"17/06/2024";"Oferta";"120,10";"17543,71";"55b1a383";"sem centro"
"Mundiais 2024";"17/06/2024";"Oferta";"1500,10";"19043,81";"b7562110";"sem centro"
"Mundiais 2024";"17/06/2024";"Oferta";"200,10";"19243,91";"e72f732e";"sem centro"
"Mundiais 2024";"17/06/2024";"Oferta";"200,00";"19443,91";"ffecb3c3";"sem centro"
"Mundiais 2024";"18/06/2024";"Oferta";"400,10";"19844,01";"fca914af";"sem centro"
"Mundiais 2024";"19/06/2024";"Oferta";"130,10";"19974,11";"b3ad5c9b";"sem centro"
"Mundiais 2024";"19/06/2024";"Oferta";"200,00";"20174,11";"fb172677";"sem centro"
"Mundiais 2024";"23/06/2024";"Oferta";"20,00";"20194,11";"0260d5eb";"centro antigo Missões Mundiais"
"Mundiais 2024";"23/06/2024";"Oferta";"50,00";"20244,11";"1ba9520f";"centro antigo Missões Mundiais"
"Mundiais 2024";"23/06/2024";"Oferta";"60,00";"20304,11";"3b0bf726";"centro antigo Missões Mundiais"
"Mundiais 2024";"23/06/2024";"Oferta";"10,00";"20314,11";"3d7dba2c";"sem centro"
"Mundiais 2024";"23/06/2024";"Oferta";"386,00";"20700,11";"40211263";"centro antigo Missões Mundiais"
"Mundiais 2024";"23/06/2024";"Oferta";"150,00";"20850,11";"8eee8c4e";"centro antigo Missões Mundiais"
"Mundiais 2024";"23/06/2024";"Oferta";"200,00";"21050,11";"995104fa";"centro antigo Missões Mundiais"
"Mundiais 2024";"23/06/2024";"Oferta";"200,00";"21250,11";"b306e892";"sem centro"
"Mundiais 2024";"23/06/2024";"Oferta";"90,00";"21340,11";"ca80c866";"centro antigo Missões Mundiais"
"Mundiais 2024";"24/06/2024";"Oferta";"500,10";"21840,21";"1dffa55a";"sem centro"
"Mundiais 2024";"24/06/2024";"Oferta";"200,10";"22040,31";"3669fa60";"sem centro"
"Mundiais 2024";"24/06/2024";"Oferta";"200,10";"22240,41";"a59da8bb";"sem centro"
"Mundiais 2024";"26/06/2024";"Oferta";"372,10";"22612,51";"16c8fbc7";"sem centro"
"Mundiais 2024";"30/06/2024";"Oferta";"701,45";"23313,96";"05be2188";"sem centro"
"Mundiais 2024";"30/06/2024";"Oferta";"55,00";"23368,96";"4875511c";"sem centro"
"Mundiais 2024";"30/06/2024";"Oferta";"179,50";"23548,46";"4943f33a";"sem centro"
"Mundiais 2024";"30/06/2024";"Oferta";"61,55";"23610,01";"7b7cdfdb";"sem centro"
"Mundiais 2024";"01/07/2024";"Oferta";"78,10";"23688,11";"03a94e1e";"sem centro"
"Mundiais 2024";"01/07/2024";"Oferta";"200,10";"23888,21";"91be2c4b";"sem centro"
"Mundiais 2024";"01/07/2024";"Oferta";"30,10";"23918,31";"e33742ca";"sem centro"
"Mundiais 2024";"05/07/2024";"Oferta";"50,10";"23968,41";"10a321fe";"sem centro"
"Mundiais 2024";"07/07/2024";"Oferta";"600,00";"24568,41";"116a9d39";"sem centro"
"Mundiais 2024";"07/07/2024";"Oferta";"150,00";"24718,41";"17d274ad";"sem centro"
"Mundiais 2024";"07/07/2024";"Oferta";"291,00";"25009,41";"b3d2f7de";"sem centro"
"Mundiais 2024";"12/07/2024";"Remessa JMM";"-1551,32";"23458,09";"7f39009c";"Confirmada pelo histórico da Junta Mundial."
"Mundiais 2024";"14/07/2024";"Oferta";"502,00";"23960,09";"51ba54de";"sem centro"
"Mundiais 2024";"04/08/2024";"Oferta";"290,00";"24250,09";"a64b5e07";"sem centro"
"Mundiais 2024";"27/08/2024";"Remessa JMM";"-25955,20";"-1705,11";"fa5a0467";"Remessa principal de Mundiais 2024; confirmada pela Junta. Quase igual ao arrecadado do ciclo (25.801,41)."
"Mundiais 2025";"03/01/2025";"Oferta";"100,10";"100,10";"9ef15411";"sem centro"
"Mundiais 2025";"13/01/2025";"Oferta";"100,10";"200,20";"4ed67d81";"sem centro"
"Mundiais 2025";"22/01/2025";"Oferta";"100,10";"300,30";"8999c786";"sem centro"
"Mundiais 2025";"09/02/2025";"Oferta";"1,00";"301,30";"05ac9289";"sem centro"
"Mundiais 2025";"09/02/2025";"Oferta";"196,29";"497,59";"9a7144b0";"sem centro"
"Mundiais 2025";"09/03/2025";"Oferta";"20,00";"517,59";"11a3d449";"sem centro"
"Mundiais 2025";"16/03/2025";"Oferta";"100,00";"617,59";"49799c23";"sem centro"
"Mundiais 2025";"16/03/2025";"Oferta";"250,00";"867,59";"a3561fd1";"sem centro"
"Mundiais 2025";"23/03/2025";"Oferta";"50,00";"917,59";"2d40b0ba";"sem centro"
"Mundiais 2025";"06/04/2025";"Oferta";"8,05";"925,64";"77696515";"sem centro"
"Mundiais 2025";"13/04/2025";"Oferta";"2,00";"927,64";"47db8f35";"sem centro"
"Mundiais 2025";"13/04/2025";"Oferta";"10,00";"937,64";"844a165c";"sem centro"
"Mundiais 2025";"13/04/2025";"Oferta";"200,00";"1137,64";"a88ba6a3";"sem centro"
"Mundiais 2025";"13/04/2025";"Oferta";"50,00";"1187,64";"b67c950b";"sem centro"
"Mundiais 2025";"14/04/2025";"Oferta";"628,00";"1815,64";"8dc263c9";"sem centro"
"Mundiais 2025";"20/04/2025";"Oferta";"50,00";"1865,64";"c27852da";"sem centro"
"Mundiais 2025";"20/04/2025";"Oferta";"10,00";"1875,64";"da839fa9";"sem centro"
"Mundiais 2025";"27/04/2025";"Oferta";"140,00";"2015,64";"628480b9";"sem centro"
"Mundiais 2025";"27/04/2025";"Oferta";"210,00";"2225,64";"a431c8a2";"sem centro"
"Mundiais 2025";"28/04/2025";"Oferta";"302,00";"2527,64";"ebead4ab";"sem centro"
"Mundiais 2025";"04/05/2025";"Oferta";"30,00";"2557,64";"00eb80fd";"sem centro"
"Mundiais 2025";"04/05/2025";"Oferta";"100,00";"2657,64";"06e1e400";"sem centro"
"Mundiais 2025";"04/05/2025";"Oferta";"50,00";"2707,64";"1141fd6d";"sem centro"
"Mundiais 2025";"11/05/2025";"Oferta";"5,00";"2712,64";"7fc839a7";"sem centro"
"Mundiais 2025";"11/05/2025";"Oferta";"5,00";"2717,64";"a4a93e3e";"sem centro"
"Mundiais 2025";"16/05/2025";"Oferta";"500,10";"3217,74";"65b3a356";"sem centro"
"Mundiais 2025";"18/05/2025";"Oferta";"50,00";"3267,74";"38e1fc8a";"sem centro"
"Mundiais 2025";"18/05/2025";"Oferta";"1285,00";"4552,74";"63abbc9b";"sem centro"
"Mundiais 2025";"18/05/2025";"Oferta";"50,00";"4602,74";"8aa6f7b7";"sem centro"
"Mundiais 2025";"18/05/2025";"Oferta";"1,25";"4603,99";"9df659ba";"sem centro"
"Mundiais 2025";"19/05/2025";"Oferta";"73,83";"4677,82";"2b6f7e29";"sem centro"
"Mundiais 2025";"19/05/2025";"Oferta";"172,28";"4850,10";"3daa691e";"sem centro"
"Mundiais 2025";"19/05/2025";"Oferta";"121,69";"4971,79";"61c73066";"sem centro"
"Mundiais 2025";"20/05/2025";"Oferta";"56,50";"5028,29";"28ff4666";"sem centro"
"Mundiais 2025";"20/05/2025";"Oferta";"296,61";"5324,90";"90005a47";"sem centro"
"Mundiais 2025";"25/05/2025";"Oferta";"50,00";"5374,90";"2baf52c4";"sem centro"
"Mundiais 2025";"27/05/2025";"Oferta";"117,70";"5492,60";"776b7d22";"sem centro"
"Mundiais 2025";"27/05/2025";"Oferta";"165,72";"5658,32";"9963a7f6";"sem centro"
"Mundiais 2025";"01/06/2025";"Oferta";"50,00";"5708,32";"57463b28";"sem centro"
"Mundiais 2025";"01/06/2025";"Oferta";"40,00";"5748,32";"7f287151";"sem centro"
"Mundiais 2025";"01/06/2025";"Oferta";"10,00";"5758,32";"de27d82d";"sem centro"
"Mundiais 2025";"07/06/2025";"Oferta";"768,00";"6526,32";"fa7d60ff";"sem centro"
"Mundiais 2025";"08/06/2025";"Oferta";"10,00";"6536,32";"81bce847";"sem centro"
"Mundiais 2025";"08/06/2025";"Oferta";"18,00";"6554,32";"952e9896";"sem centro"
"Mundiais 2025";"09/06/2025";"Oferta";"200,10";"6754,42";"009287a9";"sem centro"
"Mundiais 2025";"09/06/2025";"Oferta";"29,72";"6784,14";"07c18c56";"sem centro"
"Mundiais 2025";"09/06/2025";"Oferta";"7,93";"6792,07";"0ec60b64";"sem centro"
"Mundiais 2025";"09/06/2025";"Oferta";"24,78";"6816,85";"1631b21f";"sem centro"
"Mundiais 2025";"09/06/2025";"Oferta";"9,91";"6826,76";"2120848d";"sem centro"
"Mundiais 2025";"09/06/2025";"Oferta";"39,63";"6866,39";"2171a36e";"sem centro"
"Mundiais 2025";"09/06/2025";"Oferta";"15,85";"6882,24";"254653cd";"sem centro"
"Mundiais 2025";"09/06/2025";"Oferta";"9,91";"6892,15";"2a2ebf0b";"sem centro"
"Mundiais 2025";"09/06/2025";"Oferta";"16,84";"6908,99";"301fdb49";"sem centro"
"Mundiais 2025";"09/06/2025";"Oferta";"39,63";"6948,62";"392002f1";"sem centro"
"Mundiais 2025";"09/06/2025";"Oferta";"33,69";"6982,31";"3e86c8f6";"sem centro"
"Mundiais 2025";"09/06/2025";"Oferta";"198,16";"7180,47";"4094c4ca";"sem centro"
"Mundiais 2025";"09/06/2025";"Oferta";"14,87";"7195,34";"41f547e0";"sem centro"
"Mundiais 2025";"09/06/2025";"Oferta";"61,43";"7256,77";"44482bf7";"sem centro"
"Mundiais 2025";"09/06/2025";"Oferta";"9,91";"7266,68";"48cb43a1";"sem centro"
"Mundiais 2025";"09/06/2025";"Oferta";"99,08";"7365,76";"4bc3a189";"sem centro"
"Mundiais 2025";"09/06/2025";"Oferta";"13,87";"7379,63";"4dc91ab7";"sem centro"
"Mundiais 2025";"09/06/2025";"Oferta";"1507,21";"8886,84";"57d5ebbf";"sem centro"
"Mundiais 2025";"09/06/2025";"Oferta";"22,79";"8909,63";"582f8af8";"sem centro"
"Mundiais 2025";"09/06/2025";"Oferta";"14,86";"8924,49";"5b4dd803";"sem centro"
"Mundiais 2025";"09/06/2025";"Oferta";"22,79";"8947,28";"5fa8aceb";"sem centro"
"Mundiais 2025";"09/06/2025";"Oferta";"355,31";"9302,59";"68b0b233";"sem centro"
"Mundiais 2025";"09/06/2025";"Oferta";"9,91";"9312,50";"6cc2909f";"sem centro"
"Mundiais 2025";"09/06/2025";"Oferta";"9,91";"9322,41";"73b85a36";"sem centro"
"Mundiais 2025";"09/06/2025";"Oferta";"99,08";"9421,49";"753259c8";"sem centro"
"Mundiais 2025";"09/06/2025";"Oferta";"32,70";"9454,19";"772fc217";"sem centro"
"Mundiais 2025";"09/06/2025";"Oferta";"27,74";"9481,93";"7aa486fb";"sem centro"
"Mundiais 2025";"09/06/2025";"Oferta";"34,68";"9516,61";"7eb982c2";"sem centro"
"Mundiais 2025";"09/06/2025";"Oferta";"23,78";"9540,39";"86e503da";"sem centro"
"Mundiais 2025";"09/06/2025";"Oferta";"9,91";"9550,30";"9060e964";"sem centro"
"Mundiais 2025";"09/06/2025";"Oferta";"8,92";"9559,22";"916e6b75";"sem centro"
"Mundiais 2025";"09/06/2025";"Oferta";"99,08";"9658,30";"91c80135";"sem centro"
"Mundiais 2025";"09/06/2025";"Oferta";"19,82";"9678,12";"9721f9dd";"sem centro"
"Mundiais 2025";"09/06/2025";"Oferta";"1869,49";"11547,61";"a20dfce1";"sem centro"
"Mundiais 2025";"09/06/2025";"Oferta";"21,80";"11569,41";"a30f2c2d";"sem centro"
"Mundiais 2025";"09/06/2025";"Oferta";"49,54";"11618,95";"a4b29130";"sem centro"
"Mundiais 2025";"09/06/2025";"Oferta";"19,82";"11638,77";"a7e11def";"sem centro"
"Mundiais 2025";"09/06/2025";"Oferta";"55,48";"11694,25";"b3244603";"sem centro"
"Mundiais 2025";"09/06/2025";"Oferta";"7,93";"11702,18";"c4868568";"sem centro"
"Mundiais 2025";"09/06/2025";"Oferta";"45,58";"11747,76";"c9725fed";"sem centro"
"Mundiais 2025";"09/06/2025";"Oferta";"19,82";"11767,58";"cbef4fb3";"sem centro"
"Mundiais 2025";"09/06/2025";"Oferta";"9,91";"11777,49";"cfd306bf";"sem centro"
"Mundiais 2025";"09/06/2025";"Oferta";"32,70";"11810,19";"d096f38d";"sem centro"
"Mundiais 2025";"09/06/2025";"Oferta";"42,60";"11852,79";"d4829e37";"sem centro"
"Mundiais 2025";"09/06/2025";"Oferta";"24,77";"11877,56";"d7abcf28";"sem centro"
"Mundiais 2025";"09/06/2025";"Oferta";"19,82";"11897,38";"db838c69";"sem centro"
"Mundiais 2025";"09/06/2025";"Oferta";"14,86";"11912,24";"e1112d21";"sem centro"
"Mundiais 2025";"09/06/2025";"Oferta";"21,80";"11934,04";"f70966f8";"sem centro"
"Mundiais 2025";"10/06/2025";"Oferta";"1664,73";"13598,77";"b4ca70ee";"sem centro"
"Mundiais 2025";"10/06/2025";"Oferta";"1408,62";"15007,39";"bff43cf2";"sem centro"
"Mundiais 2025";"11/06/2025";"Oferta";"10,10";"15017,49";"2cf77e23";"sem centro"
"Mundiais 2025";"11/06/2025";"Oferta";"10,10";"15027,59";"4e887e7d";"sem centro"
"Mundiais 2025";"11/06/2025";"Oferta";"10,10";"15037,69";"530210e2";"sem centro"
"Mundiais 2025";"11/06/2025";"Oferta";"20,00";"15057,69";"5377bd72";"sem centro"
"Mundiais 2025";"11/06/2025";"Oferta";"20,10";"15077,79";"696165c4";"sem centro"
"Mundiais 2025";"11/06/2025";"Oferta";"10,00";"15087,79";"70f2e8ae";"sem centro"
"Mundiais 2025";"16/06/2025";"Oferta";"800,10";"15887,89";"dbe3e1a3";"sem centro"
"Mundiais 2025";"22/06/2025";"Oferta";"5,00";"15892,89";"4af163bd";"sem centro"
"Mundiais 2025";"22/06/2025";"Oferta";"50,00";"15942,89";"6e8ba675";"sem centro"
"Mundiais 2025";"22/06/2025";"Oferta";"10,00";"15952,89";"cadc012d";"sem centro"
"Mundiais 2025";"23/06/2025";"Oferta";"300,10";"16252,99";"02e15363";"sem centro"
"Mundiais 2025";"23/06/2025";"Oferta";"245,00";"16497,99";"08766912";"sem centro"
"Mundiais 2025";"23/06/2025";"Oferta";"1000,10";"17498,09";"09f95673";"sem centro"
"Mundiais 2025";"23/06/2025";"Oferta";"2500,10";"19998,19";"78b93000";"sem centro"
"Mundiais 2025";"23/06/2025";"Oferta";"200,00";"20198,19";"9565afe4";"sem centro"
"Mundiais 2025";"23/06/2025";"Oferta";"66,10";"20264,29";"9bb36a28";"sem centro"
"Mundiais 2025";"27/06/2025";"Oferta";"250,00";"20514,29";"1281df3c";"sem centro"
"Mundiais 2025";"27/06/2025";"Oferta";"500,10";"21014,39";"305cec9f";"sem centro"
"Mundiais 2025";"27/06/2025";"Oferta";"300,10";"21314,49";"38d5b362";"sem centro"
"Mundiais 2025";"27/06/2025";"Oferta";"800,10";"22114,59";"4f2b0625";"sem centro"
"Mundiais 2025";"29/06/2025";"Oferta";"150,00";"22264,59";"87050463";"sem centro"
"Mundiais 2025";"29/06/2025";"Oferta";"50,00";"22314,59";"f285e328";"sem centro"
"Mundiais 2025";"30/06/2025";"Oferta";"500,10";"22814,69";"163e156c";"sem centro"
"Mundiais 2025";"30/06/2025";"Oferta";"4673,00";"27487,69";"3714bdae";"sem centro"
"Mundiais 2025";"30/06/2025";"Oferta";"10,10";"27497,79";"6cdbec2a";"sem centro"
"Mundiais 2025";"30/06/2025";"Oferta";"50,10";"27547,89";"7fbe9eff";"sem centro"
"Mundiais 2025";"08/07/2025";"Oferta";"1001,00";"28548,89";"8e88e080";"sem centro"
"Mundiais 2025";"18/07/2025";"Oferta";"560,00";"29108,89";"2e794794";"sem centro"
"Mundiais 2025";"18/07/2025";"Oferta";"200,00";"29308,89";"ae2a8764";"sem centro"
"Mundiais 2025";"18/07/2025";"Oferta";"300,00";"29608,89";"d92a2750";"sem centro"
"Mundiais 2025";"20/07/2025";"Oferta";"50,00";"29658,89";"75c5d7dd";"sem centro"
"Mundiais 2025";"22/07/2025";"Remessa JMM";"-34216,42";"-4557,53";"2641f689";"Remessa principal de Mundiais 2025; confirmada pela Junta (que a lança em 23/07). Maior que o arrecadado do ciclo."
"Mundiais 2025";"19/09/2025";"Remessa JMM";"-783,58";"-5341,11";"623c289f";"Complemento de Mundiais 2025 (34.216,42 + 783,58 = 35.000,00 exatos); confirmada pela Junta. O centro gravado dizia 'Nacionais'."