"status";"migration";"evidencia";"objetivo"
"aplicada";"20260429013015_d14687c3-47d5-4e4c-be5f-f013cce2daf1.sql";"8 objeto(s) (tabela/view/coluna) verificados presentes";"============ ROLES ENUM ============"
"nao_verificavel";"20260429013035_fdfbdca2-d7be-4266-b9fe-6745f06d8c77.sql";"só função — sem acesso ao catálogo do banco";""
"aplicada";"20260429014338_37165e0f-8612-4299-8591-548b29649047.sql";"2 objeto(s) (tabela/view/coluna) verificados presentes";""
"nao_verificavel";"20260429020247_954412b6-7e52-4f87-86bd-3473d4a966da.sql";"só enum/tipo — sem acesso ao catálogo do banco";"Diakonia v2 — schema completo (M1-M10) | gerado automaticamente"
"nao_verificavel";"20260429020734_bc5cec3f-b520-480e-84e8-e723ad975a12.sql";"só comandos sem objeto novo — sem acesso ao catálogo do banco";"Conteúdo de /tmp/diak/rest.sql será injetado abaixo"
"aplicada";"20260430010424_7cf0072b-94e2-43cd-87ee-2a9d2b25916b.sql";"1 objeto(s) (tabela/view/coluna) verificados presentes";""
"aplicada";"20260430014901_8aa6b7f5-77fe-4daa-9496-9c191ac21df8.sql";"1 objeto(s) (tabela/view/coluna) verificados presentes";""
"aplicada";"20260430022643_74febb40-c196-49f6-91ec-a3341bc5a9ce.sql";"1 objeto(s) (tabela/view/coluna) verificados presentes";"Enum de parentesco"
"aplicada";"20260504010947_304182e9-d23a-49cb-a790-f8e8f482a8bd.sql";"2 objeto(s) (tabela/view/coluna) verificados presentes";""
"aplicada";"20260511012834_eed22d75-2476-45a5-8cd3-3923cc65d03b.sql";"1 objeto(s) (tabela/view/coluna) verificados presentes";""
"aplicada";"20260511014347_ca287128-e1c4-4c02-a59a-2c892a17b664.sql";"3 objeto(s) (tabela/view/coluna) verificados presentes";"Eventos"
"nao_verificavel";"20260512005549_990f859e-97f6-471d-9cc8-90a198d8ae97.sql";"só função/gatilho — sem acesso ao catálogo do banco";""
"nao_verificavel";"20260512010318_e30c7614-c371-4573-8e70-c584309629e0.sql";"só política — sem acesso ao catálogo do banco";"1) Garantir RLS habilitado e FORCE em todas as tabelas sensíveis"
"nao_verificavel";"20260512010437_283944c1-26c2-4398-92e4-0a8d5628e9bb.sql";"só função/gatilho/dados — sem acesso ao catálogo do banco";"Função normalizadora"
"aplicada";"20260512010603_5c373a68-6145-41b9-b7a7-9dd5e95ef757.sql";"1 objeto(s) (tabela/view/coluna) verificados presentes";"1) Documentar congregacoes como reservada (uso futuro)"
"nao_verificavel";"20260513000514_70801f74-7a3f-476c-ba86-41fb02d74c2b.sql";"só política — sem acesso ao catálogo do banco";"1) MEMBROS — restringir SELECT a admin/secretaria/diakonia"
"nao_verificavel";"20260513000637_06ab56ca-58ef-4909-ae32-23c6bafb85c5.sql";"só política — sem acesso ao catálogo do banco";""
"aplicada";"20260514020225_44395ca5-68a5-4e02-a059-7208df0ffdb0.sql";"1 objeto(s) (tabela/view/coluna) verificados presentes";"Enum para tipos de local"
"aplicada";"20260514021043_f1fd8d92-7d54-4883-a257-daf1992b16bc.sql";"5 objeto(s) (tabela/view/coluna) verificados presentes";"Novos enums"
"aplicada";"20260515011147_84edd05c-dc87-49cf-ab0b-d0f08b58b3bf.sql";"9 objeto(s) (tabela/view/coluna) verificados presentes";""
"aplicada";"20260516040719_17c87288-095f-4b02-a71f-7bf105db3bb2.sql";"8 objeto(s) (tabela/view/coluna) verificados presentes";"Enum de frequência de recorrência"
"aplicada";"20260524024309_90c4e708-7842-4f3a-af99-7fc50eb12dbb.sql";"2 objeto(s) (tabela/view/coluna) verificados presentes";"VISITAS (histórico de comparecimentos)"
"nao_verificavel";"20260524024325_c78f6b3e-a079-42c9-9bc8-7e408730eb59.sql";"só comandos sem objeto novo — sem acesso ao catálogo do banco";""
"nao_verificavel";"20260524120000_allow_admin_delete_membros.sql";"só função/política/gatilho — sem acesso ao catálogo do banco";"FASE DE TESTES: Permitir DELETE real na tabela membros"
"aplicada";"20260525021714_b019dedd-5b51-4f59-bbc6-280cc1b4e8f6.sql";"5 objeto(s) (tabela/view/coluna) verificados presentes";""
"aplicada";"20260525021733_21259977-a891-4b4f-9af0-87545f43846e.sql";"2 objeto(s) (tabela/view/coluna) verificados presentes";""
"problema";"20260526120508_fluxo_visitantes.sql";"view v_fluxo_visitantes e função atualizar_status_visitantes NÃO existem no banco; a view dá SELECT ao papel anônimo sobre dados de visitantes — NÃO aplicar como está";"FLUXO DE CUIDADO DE VISITANTES"
"aplicada";"20260526160000_add_contato_history.sql";"2 objeto(s) (tabela/view/coluna) verificados presentes";"Migration: adicionar campos de histórico de contato na tabela membros"
"aplicada";"20260526180000_add_historico_evolucao.sql";"2 objeto(s) (tabela/view/coluna) verificados presentes";"M3.5 — Histórico de evolução pastoral"
"aplicada";"20260526190000_add_convidado_fields.sql";"2 objeto(s) (tabela/view/coluna) verificados presentes";"Campos para registrar quem convidou o visitante"
"aplicada";"20260528_estrutura_organizacional.sql";"9 objeto(s) (tabela/view/coluna) verificados presentes";"REESTRUTURAÇÃO ORGANIZACIONAL COMPLETA"
"aplicada";"20260528_recuperacao_senha.sql";"1 objeto(s) (tabela/view/coluna) verificados presentes";"Tabela: recuperacao_senha"
"aplicada";"20260528_visita_historico.sql";"1 objeto(s) (tabela/view/coluna) verificados presentes";"Sprint A — Log imutável de contatos e interações pastorais"
"aplicada";"20260603_lgpd_consentimento.sql";"3 objeto(s) (tabela/view/coluna) verificados presentes";"Tabela: consentimento"
"aplicada";"20260603_lgpd_fix_definitivo.sql";"4 objeto(s) (tabela/view/coluna) verificados presentes";"CORREÇÃO DEFINITIVA — Tabelas LGPD"
"aplicada";"20260604000000_storage_documentos.sql";"8 objeto(s) (tabela/view/coluna) verificados presentes";"20260604000000_storage_documentos.sql"
"nao_verificavel";"20260805120000_enable_rls_arrecadacao.sql";"só política — sem acesso ao catálogo do banco";"Migração: habilita RLS no módulo de Arrecadação (Bazar/Cantina)"
"nao_verificavel";"20260805130000_fix_function_search_path_and_view_security_invoker.sql";"só comandos sem objeto novo — sem acesso ao catálogo do banco";"Migration: Fix Function Search Path Mutable + Security Definer Views"
"nao_verificavel";"20260805150000_optimize_auth_rls_initplan.sql";"só política — sem acesso ao catálogo do banco";"Migration: Otimiza políticas RLS que chamavam auth.uid() sem (select ...)"
"aplicada";"20260808000000_pendentes_consolidado.sql";"18 objeto(s) (tabela/view/coluna) verificados presentes";"20260808000000_pendentes_consolidado.sql"
"nao_verificavel";"20260818000000_registrar_contato.sql";"só função/dados — sem acesso ao catálogo do banco";"Sprint 0: registrar contato deixa de falhar em silencio"
"aplicada";"20260818010000_agenda_membresia_pastorado.sql";"1 objeto(s) (tabela/view/coluna) verificados presentes";"Agenda pastoral ganha duas efemerides: membresia e pastorado"
"nao_verificavel";"20260818020000_fix_fiscal_gerar_agenda.sql";"só função/dados — sem acesso ao catálogo do banco";"fiscal_gerar_agenda: corrige ambiguidade que impedia gerar a agenda fiscal"
"aplicada";"20260818030000_familias_coordenadas.sql";"4 objeto(s) (tabela/view/coluna) verificados presentes";"Coordenadas da familia"
"nao_verificavel";"20260818040000_registrar_contato_revoga_anon.sql";"só comandos sem objeto novo — sem acesso ao catálogo do banco";"registrar_contato: tira a execucao de quem nao esta logado"
"nao_verificavel";"20260818050000_revoga_anon_security_definer.sql";"só comandos sem objeto novo — sem acesso ao catálogo do banco";"Tira de quem nao esta logado a execucao das funcoes SECURITY DEFINER"
"nao_verificavel";"20260818060000_fuso_horario_igreja.sql";"só comandos sem objeto novo — sem acesso ao catálogo do banco";"O banco vivia três horas no futuro"
"nao_verificavel";"20260818070000_consolida_telefones.sql";"só dados — sem acesso ao catálogo do banco";"123 telefones que o sistema tinha e não enxergava"
"aplicada";"20260818080000_funcao_ministerial_datas.sql";"5 objeto(s) (tabela/view/coluna) verificados presentes";"As datas de cada função na igreja"
"aplicada";"20260818090000_lembrete_ordenacao_pastoral.sql";"1 objeto(s) (tabela/view/coluna) verificados presentes";"Lembrete de ordenação pastoral, e o dia certo para todos os outros"
"nao_verificavel";"20260819000000_proximo_aniversario_estavel.sql";"só função — sem acesso ao catálogo do banco";"Defeito meu, na correção de ontem"
"aplicada";"20260819010000_funcoes_da_igreja.sql";"1 objeto(s) (tabela/view/coluna) verificados presentes";"A lista de funções da igreja, como ela é de fato"
"nao_verificavel";"20260819020000_pastor_titular_vira_presidente.sql";"só enum/tipo — sem acesso ao catálogo do banco";"""Pastor Titular"" passa a se chamar Presidente"
"nao_verificavel";"20260819030000_auditor.sql";"só enum/tipo — sem acesso ao catálogo do banco";"Auditor(a)"
"nao_verificavel";"20260819040000_areas_lider_fk.sql";"só comandos sem objeto novo — sem acesso ao catálogo do banco";"A chave que faltava, e que apagava as áreas da tela"
"nao_verificavel";"20260819050000_conselho_da_ficha.sql";"só comandos sem objeto novo — sem acesso ao catálogo do banco";"O conselho, lido de onde a igreja preenche"
"aplicada";"20260819060000_funcoes_multiplas.sql";"2 objeto(s) (tabela/view/coluna) verificados presentes";"Uma pessoa, várias funções"
"nao_verificavel";"20260819070000_evento_sem_teto_de_ministerios.sql";"só função — sem acesso ao catálogo do banco";"Um evento pode envolver mais de dois ministérios"
"nao_verificavel";"20260819080000_conselho_com_colideres.sql";"só comandos sem objeto novo — sem acesso ao catálogo do banco";"Co-líder também lidera"
"aplicada";"20260819090000_conselho_nome_da_area.sql";"1 objeto(s) (tabela/view/coluna) verificados presentes";"O rótulo diz a área, e não o ministério"
"nao_verificavel";"20260819100000_sugestao_de_voluntarios_volta_a_rodar.sql";"só função — sem acesso ao catálogo do banco";"A maquina de sugestao de voluntarios volta a rodar"
"nao_verificavel";"20260819110000_area_voluntarios_ganha_chaves.sql";"só dados — sem acesso ao catálogo do banco";"area_voluntarios ganha chaves estrangeiras (e perde os orfaos)"
"nao_verificavel";"20260819120000_motor_de_sugestoes_completo.sql";"só função — sem acesso ao catálogo do banco";"Sprint 3: o motor de sugestoes passa a usar o que a Sprint 2 coletou"
"nao_verificavel";"20260819130000_gatilho_de_carga_para_de_mentir.sql";"só função/dados — sem acesso ao catálogo do banco";"O gatilho de carga para de mentir"
"nao_verificavel";"20260820100000_conflito_de_horario_e_ultima_escala.sql";"só função/dados — sem acesso ao catálogo do banco";"Sprint 5: dupla escala no mesmo horario, e o conserto de `ultima_escala_em`"
"nao_verificavel";"20260820120000_felicitacao_entra_no_historico.sql";"só comandos sem objeto novo — sem acesso ao catálogo do banco";"O cumprimento de efeméride passa a caber no histórico"
"nao_verificavel";"20260820140000_lideranca_edita_pessoas.sql";"só política — sem acesso ao catálogo do banco";"Liderança passa a poder editar pessoas e contatos"
"aplicada";"20260820150000_agenda_pastoral_diz_o_tipo.sql";"1 objeto(s) (tabela/view/coluna) verificados presentes";"A agenda pastoral passa a dizer de que tipo é cada pessoa"
"nao_verificavel";"20260820160000_permissoes_editaveis.sql";"só política/dados — sem acesso ao catálogo do banco";"As permissões dos perfis passam a ser editáveis pela tela"
"nao_verificavel";"20260820170000_painel_de_acessos_verdadeiro.sql";"só função/dados — sem acesso ao catálogo do banco";"O painel de acessos passa a dizer a verdade, e o admin pode revogar"
"nao_verificavel";"20260820180000_apagar_conta_sem_apagar_historico.sql";"só comandos sem objeto novo — sem acesso ao catálogo do banco";"Apagar uma conta deixa de exigir apagar o que ela fez"
"nao_verificavel";"20260820190000_agenda_entra_nas_permissoes.sql";"só dados — sem acesso ao catálogo do banco";"A agenda entra no catálogo de permissões"
"nao_verificavel";"20260820200000_trocar_o_perfil_de_uma_pessoa.sql";"só função/dados — sem acesso ao catálogo do banco";"Trocar o perfil de uma pessoa que já usa o sistema"
"nao_verificavel";"20260820210000_parentesco_neto.sql";"só enum/tipo — sem acesso ao catálogo do banco";"""Neto(a)"" entra no vocabulário de parentesco"
"aplicada";"20260820220000_alerta_de_progressao_ebd.sql";"1 objeto(s) (tabela/view/coluna) verificados presentes";"O alerta da EBD passa a ser só de progressão"
"aplicada";"20260820230000_manter_na_mesma_classe.sql";"2 objeto(s) (tabela/view/coluna) verificados presentes";"""Manter nesta classe"" — dispensar a progressão de um aluno"
"nao_verificavel";"20260820240000_funcao_juridico_parlamentar.sql";"só enum/tipo — sem acesso ao catálogo do banco";"""Jurídico/Parlamentar"" entra nas funções ministeriais"
"nao_verificavel";"20260825180000_guarda_de_acesso_le_user_roles.sql";"só função/dados — sem acesso ao catálogo do banco";"A guarda das funções de acesso lia a coluna errada"
"nao_verificavel";"20260826100000_aceitar_convite_grava_o_vinculo.sql";"só função/dados — sem acesso ao catálogo do banco";"O aceite de convite nunca gravava o vínculo com a ficha"
"nao_verificavel";"20260826140000_painel_de_acompanhamento_da_ebd.sql";"só função — sem acesso ao catálogo do banco";"Painel de acompanhamento da EBD"
"nao_verificavel";"20260826170000_esqueci_minha_senha_nunca_funcionou.sql";"só função/dados — sem acesso ao catálogo do banco";"""Esqueci minha senha"" nunca funcionou"
"nao_verificavel";"20260826200000_tipos_de_evento_live_palestra_comunhao.sql";"só enum/tipo — sem acesso ao catálogo do banco";"""Live"", ""Palestra"" e ""Comunhão"" entram como tipos de evento"
"aplicada";"20260826210000_bodas_registradas_na_pessoa_nunca_apareciam.sql";"1 objeto(s) (tabela/view/coluna) verificados presentes";"As bodas registradas na PESSOA nunca chegavam ao Painel Pastoral"
"aplicada";"20260826230000_bodas_seguem_a_data_do_responsavel_pela_familia.sql";"1 objeto(s) (tabela/view/coluna) verificados presentes";"A boda da família é a data do responsável"
"aplicada";"20260827000000_uma_fonte_so_para_a_data_de_casamento.sql";"1 objeto(s) (tabela/view/coluna) verificados presentes";"Uma fonte só para a data de casamento"
"aplicada";"20260827120000_telefone_dispensado_para_quem_nao_tem_telefone_proprio.sql";"1 objeto(s) (tabela/view/coluna) verificados presentes";"""Sem telefone"" não é a mesma coisa que ""fora de alcance"""
"nao_verificavel";"20260827180000_quem_edita_pessoa_passa_a_ser_uma_resposta_so.sql";"só política/dados — sem acesso ao catálogo do banco";"""Quem edita pessoa?"" tinha três respostas diferentes"
"nao_verificavel";"20260827200000_pastor_edita_so_as_observacoes_pastorais.sql";"só função/política/gatilho/dados — sem acesso ao catálogo do banco";"O pastor titular passa a editar SÓ as observações pastorais"
"aplicada";"20260827220000_a_historia_parava_de_inventar_o_que_nao_aconteceu.sql";"1 objeto(s) (tabela/view/coluna) verificados presentes";"A história da pessoa afirmava fatos que ninguém observou"
"aplicada";"20260828000000_anotacao_pastoral_vira_historico.sql";"2 objeto(s) (tabela/view/coluna) verificados presentes";"A anotação pastoral deixa de ser um campo e vira histórico"
"nao_verificavel";"20260828120000_admin_corrige_e_apaga_anotacao_pastoral.sql";"só política — sem acesso ao catálogo do banco";"Administrador passa a poder corrigir e apagar anotação"
"aplicada";"20260828140000_limpa_anotacoes_anteriores_ao_historico.sql";"1 objeto(s) (tabela/view/coluna) verificados presentes";"Limpa as anotações anteriores ao histórico, guardando cópia"
"nao_verificavel";"20260828160000_remove_o_arquivo_das_anotacoes_antigas.sql";"só dados — sem acesso ao catálogo do banco";"Esvazia o arquivo das anotações antigas"
"aplicada";"20260828180000_a_saida_do_rol_ganha_data_e_assinatura.sql";"5 objeto(s) (tabela/view/coluna) verificados presentes";"A saída do rol ganha data e assinatura"
"nao_verificavel";"20260828190000_assinar_tambem_quando_so_a_data_de_saida_muda.sql";"só função — sem acesso ao catálogo do banco";"Assinar também quando só a data de saída muda"
"aplicada";"20260828200000_a_entrada_no_rol_ganha_tipo.sql";"1 objeto(s) (tabela/view/coluna) verificados presentes";"A entrada no rol ganha tipo"
"aplicada";"20260828210000_o_aniversario_sem_o_ano.sql";"2 objeto(s) (tabela/view/coluna) verificados presentes";"═══════════════════════════════════════════════════════════════════════════"
"nao_verificavel";"20260828220000_esperados_mostra_quem_ja_esta_em_outra_classe.sql";"só função/dados — sem acesso ao catálogo do banco";"═══════════════════════════════════════════════════════════════════════════"
"nao_verificavel";"20260828230000_apaga_ebd_mover_aluno_que_ja_existia.sql";"só comandos sem objeto novo — sem acesso ao catálogo do banco";"═══════════════════════════════════════════════════════════════════════════"
"aplicada";"20260828240000_o_evento_sabe_se_e_transmitido.sql";"2 objeto(s) (tabela/view/coluna) verificados presentes";"═══════════════════════════════════════════════════════════════════════════"
"nao_verificavel";"20260828250000_uma_assinatura_so_para_sugerir_voluntarios.sql";"só comandos sem objeto novo — sem acesso ao catálogo do banco";"═══════════════════════════════════════════════════════════════════════════"
"nao_verificavel";"20260828260000_a_ebd_volta_ao_calendario.sql";"só dados — sem acesso ao catálogo do banco";"═══════════════════════════════════════════════════════════════════════════"
"nao_verificavel";"20260901120000_cada_um_cuida_da_propria_ficha.sql";"só função/política/dados — sem acesso ao catálogo do banco";"═══════════════════════════════════════════════════════════════════════════"
"nao_verificavel";"20260901140000_o_telefone_que_a_pessoa_digita.sql";"só função/dados — sem acesso ao catálogo do banco";"═══════════════════════════════════════════════════════════════════════════"
"nao_verificavel";"20260901160000_o_painel_pastoral_e_do_pastor_titular.sql";"só dados — sem acesso ao catálogo do banco";"═══════════════════════════════════════════════════════════════════════════"
"nao_verificavel";"20260901180000_conta_nao_e_ficha.sql";"só política — sem acesso ao catálogo do banco";"═══════════════════════════════════════════════════════════════════════════"
"nao_verificavel";"20260901190000_a_lideranca_volta_a_valer.sql";"só função/política — sem acesso ao catálogo do banco";"═══════════════════════════════════════════════════════════════════════════"
"aplicada";"20260901200000_v_proximas_escalas_ganha_os_ids.sql";"1 objeto(s) (tabela/view/coluna) verificados presentes";"═══════════════════════════════════════════════════════════════════════════"
"nao_verificavel";"20260901210000_fechar_o_que_estava_aberto.sql";"só política — sem acesso ao catálogo do banco";"═══════════════════════════════════════════════════════════════════════════"
"nao_verificavel";"20260901220000_a_fila_de_recuperacao_de_senha.sql";"só política — sem acesso ao catálogo do banco";"═══════════════════════════════════════════════════════════════════════════"
"nao_verificavel";"20260901230000_pedir_recuperacao_sem_estar_logado.sql";"só função/dados — sem acesso ao catálogo do banco";"═══════════════════════════════════════════════════════════════════════════"
"nao_verificavel";"20260901240000_a_ficha_e_de_quem_ela_fala.sql";"só política — sem acesso ao catálogo do banco";"═══════════════════════════════════════════════════════════════════════════"
"nao_verificavel";"20260901250000_o_padrao_de_fabrica_erra_para_menos.sql";"só função/dados — sem acesso ao catálogo do banco";"═══════════════════════════════════════════════════════════════════════════"
"nao_verificavel";"20260901260000_visitante_nao_tem_acesso.sql";"só função/gatilho/dados — sem acesso ao catálogo do banco";"═══════════════════════════════════════════════════════════════════════════"
"aplicada";"20260902100000_cada_ministerio_com_a_sua_bancada.sql";"1 objeto(s) (tabela/view/coluna) verificados presentes";"═══════════════════════════════════════════════════════════════════════════"
"nao_verificavel";"20260902110000_quem_cuida_da_escola_ve_o_aluno.sql";"só política — sem acesso ao catálogo do banco";"═══════════════════════════════════════════════════════════════════════════"
"nao_verificavel";"20260902120000_as_quatro_permissoes_que_nunca_existiram.sql";"só dados — sem acesso ao catálogo do banco";"═══════════════════════════════════════════════════════════════════════════"
"nao_verificavel";"20260902130000_a_administracao_opera_o_bazar.sql";"só dados — sem acesso ao catálogo do banco";"═══════════════════════════════════════════════════════════════════════════"
"nao_verificavel";"20260902140000_so_a_administracao_ve_a_arrecadacao.sql";"só função/política/dados — sem acesso ao catálogo do banco";"═══════════════════════════════════════════════════════════════════════════"
"nao_verificavel";"20260902150000_tesouraria_passa_a_existir.sql";"só enum/tipo — sem acesso ao catálogo do banco";"═══════════════════════════════════════════════════════════════════════════"
"nao_verificavel";"20260902160000_diakonia_e_o_dono_do_sistema.sql";"só função/dados — sem acesso ao catálogo do banco";"═══════════════════════════════════════════════════════════════════════════"
"nao_verificavel";"20260902170000_o_admin_configura_a_tesouraria_opera.sql";"só dados — sem acesso ao catálogo do banco";"═══════════════════════════════════════════════════════════════════════════"
"nao_verificavel";"20260902180000_o_dinheiro_troca_de_maos.sql";"só política — sem acesso ao catálogo do banco";"═══════════════════════════════════════════════════════════════════════════"
"nao_verificavel";"20260902190000_o_pastor_titular_muda_de_papel.sql";"só política/dados — sem acesso ao catálogo do banco";"═══════════════════════════════════════════════════════════════════════════"
"nao_verificavel";"20260902200000_a_arrecadacao_e_da_administracao.sql";"só dados — sem acesso ao catálogo do banco";"═══════════════════════════════════════════════════════════════════════════"
"nao_verificavel";"20260902210000_lideranca_nao_opera_o_financeiro.sql";"só política — sem acesso ao catálogo do banco";"═══════════════════════════════════════════════════════════════════════════"
"nao_verificavel";"20260902220000_o_pastoral_cuida_dos_pequenos_grupos.sql";"só dados — sem acesso ao catálogo do banco";"═══════════════════════════════════════════════════════════════════════════"
"nao_verificavel";"20260902230000_a_funcao_do_voluntario_pode_ser_corrigida.sql";"só política — sem acesso ao catálogo do banco";"═══════════════════════════════════════════════════════════════════════════"
"nao_verificavel";"20260902240000_uma_linha_por_pessoa_no_alerta_de_familia.sql";"só função — sem acesso ao catálogo do banco";"═══════════════════════════════════════════════════════════════════════════"
"nao_verificavel";"20260902250000_limpeza_o_que_foi_teste_sai.sql";"só dados — sem acesso ao catálogo do banco";"═══════════════════════════════════════════════════════════════════════════"
"nao_verificavel";"20260902260000_o_bazar_comeca_do_zero.sql";"só dados — sem acesso ao catálogo do banco";"═══════════════════════════════════════════════════════════════════════════"
"aplicada";"20260902270000_a_area_declara_os_seus_postos.sql";"2 objeto(s) (tabela/view/coluna) verificados presentes";"═══════════════════════════════════════════════════════════════════════════"
"nao_verificavel";"20260902280000_quem_mexe_nos_postos.sql";"só função/política — sem acesso ao catálogo do banco";"═══════════════════════════════════════════════════════════════════════════"
"nao_verificavel";"20260902290000_o_vocabulario_que_a_igreja_ja_usa.sql";"só dados — sem acesso ao catálogo do banco";"═══════════════════════════════════════════════════════════════════════════"
"nao_verificavel";"20260903100000_a_porta_da_frente_tem_dono.sql";"só dados — sem acesso ao catálogo do banco";"═══════════════════════════════════════════════════════════════════════════"
"nao_verificavel";"20260903110000_as_escalas_comecam_do_zero.sql";"só dados — sem acesso ao catálogo do banco";"═══════════════════════════════════════════════════════════════════════════"
"nao_verificavel";"20260903120000_recepcao_dita_os_seus_postos.sql";"só dados — sem acesso ao catálogo do banco";"═══════════════════════════════════════════════════════════════════════════"
"nao_verificavel";"20260903130000_introducao_e_recepcao_sao_uma_equipe.sql";"só dados — sem acesso ao catálogo do banco";"═══════════════════════════════════════════════════════════════════════════"
"nao_verificavel";"20260903140000_o_ministerio_ganha_as_suas_tres_areas.sql";"só dados — sem acesso ao catálogo do banco";"═══════════════════════════════════════════════════════════════════════════"
"aplicada";"20260903150000_crescimento_e_dono_das_tarefas.sql";"2 objeto(s) (tabela/view/coluna) verificados presentes";"═══════════════════════════════════════════════════════════════════════════"
"nao_verificavel";"20260903160000_lideranca_so_opera_o_proprio_modulo.sql";"só política — sem acesso ao catálogo do banco";"═══════════════════════════════════════════════════════════════════════════"
"nao_verificavel";"20260903170000_lideranca_ve_governanca_nao_opera.sql";"só política — sem acesso ao catálogo do banco";"═══════════════════════════════════════════════════════════════════════════"
"nao_verificavel";"20260903180000_lideranca_so_opera_a_propria_escala.sql";"só política — sem acesso ao catálogo do banco";"═══════════════════════════════════════════════════════════════════════════"
"nao_verificavel";"20260903190000_a_estrutura_recorta_por_area.sql";"só política — sem acesso ao catálogo do banco";"═══════════════════════════════════════════════════════════════════════════"
"nao_verificavel";"20260903200000_solicitacoes_de_membresia_sao_estatutarias.sql";"só comandos sem objeto novo — sem acesso ao catálogo do banco";"═══════════════════════════════════════════════════════════════════════════"
"nao_verificavel";"20260903210000_um_posto_recuperado_do_texto_livre.sql";"só dados — sem acesso ao catálogo do banco";"═══════════════════════════════════════════════════════════════════════════"
"aplicada";"20260903220000_a_porta_de_entrada_da_diaconia.sql";"5 objeto(s) (tabela/view/coluna) verificados presentes";"═══════════════════════════════════════════════════════════════════════════"
"nao_verificavel";"20260903230000_diaconia_ganha_modulo.sql";"só dados — sem acesso ao catálogo do banco";"═══════════════════════════════════════════════════════════════════════════"
"aplicada";"20260904100000_o_endereco_de_quem_e_assistido.sql";"7 objeto(s) (tabela/view/coluna) verificados presentes";"═══════════════════════════════════════════════════════════════════════════"
"aplicada";"20260904110000_a_ficha_de_verdade.sql";"19 objeto(s) (tabela/view/coluna) verificados presentes";"═══════════════════════════════════════════════════════════════════════════"
"aplicada";"20260904120000_a_ficha_vira_indicador.sql";"1 objeto(s) (tabela/view/coluna) verificados presentes";"═══════════════════════════════════════════════════════════════════════════"
"aplicada";"20260904130000_quem_parou_de_vir.sql";"3 objeto(s) (tabela/view/coluna) verificados presentes";"═══════════════════════════════════════════════════════════════════════════"
"aplicada";"20260904140000_a_per_capita_soma_tudo.sql";"1 objeto(s) (tabela/view/coluna) verificados presentes";"═══════════════════════════════════════════════════════════════════════════"
"nao_verificavel";"20260904150000_o_parentesco_completo_na_familia.sql";"só enum/tipo — sem acesso ao catálogo do banco";"═══════════════════════════════════════════════════════════════════════════"
"nao_verificavel";"20260904160000_diakonia_tambem_abre_a_porta.sql";"só função — sem acesso ao catálogo do banco";"═══════════════════════════════════════════════════════════════════════════"
"nao_verificavel";"20260904170000_e_se_ja_for_membro.sql";"só função/dados — sem acesso ao catálogo do banco";"═══════════════════════════════════════════════════════════════════════════"
"nao_verificavel";"20260904180000_a_transicao_para_visitante.sql";"só função/dados — sem acesso ao catálogo do banco";"═══════════════════════════════════════════════════════════════════════════"
"nao_verificavel";"20260904190000_congregado_nao_visitante.sql";"só função/dados — sem acesso ao catálogo do banco";"═══════════════════════════════════════════════════════════════════════════"
"nao_verificavel";"20260904200000_data_congregado_na_transicao.sql";"só função/dados — sem acesso ao catálogo do banco";"═══════════════════════════════════════════════════════════════════════════"
"nao_verificavel";"20260904210000_fix_formatar_data_e_data_congregado_limpa.sql";"só função/dados — sem acesso ao catálogo do banco";"═══════════════════════════════════════════════════════════════════════════"
"aplicada";"20260904220000_assistida_desde.sql";"1 objeto(s) (tabela/view/coluna) verificados presentes";"═══════════════════════════════════════════════════════════════════════════"
"aplicada";"20260904230000_finalizar_e_relatorio_ebd_e_diaconia.sql";"2 objeto(s) (tabela/view/coluna) verificados presentes";"═══════════════════════════════════════════════════════════════════════════"
"nao_verificavel";"20260904240000_professor_tem_presenca_a_parte.sql";"só função — sem acesso ao catálogo do banco";"═══════════════════════════════════════════════════════════════════════════"
"nao_verificavel";"20260904250000_ordem_alfabetica_na_chamada.sql";"só função — sem acesso ao catálogo do banco";"═══════════════════════════════════════════════════════════════════════════"
"nao_verificavel";"20260904260000_relatorio_mensal_da_ebd.sql";"só função — sem acesso ao catálogo do banco";"═══════════════════════════════════════════════════════════════════════════"
"nao_verificavel";"20260904270000_relatorio_mensal_geral_da_ebd.sql";"só função — sem acesso ao catálogo do banco";"═══════════════════════════════════════════════════════════════════════════"
"nao_verificavel";"20260904280000_esperados_da_classe_com_tipo_pessoa.sql";"só função — sem acesso ao catálogo do banco";"═══════════════════════════════════════════════════════════════════════════"
"nao_verificavel";"20260904290000_esperados_da_classe_inclui_visitante_da_ebd.sql";"só função — sem acesso ao catálogo do banco";"═══════════════════════════════════════════════════════════════════════════"
"nao_verificavel";"20260904300000_relatorio_geral_da_ebd_por_periodo.sql";"só função — sem acesso ao catálogo do banco";"═══════════════════════════════════════════════════════════════════════════"
"nao_verificavel";"20260904310000_relatorio_geral_da_ebd_por_faixa_etaria.sql";"só função — sem acesso ao catálogo do banco";"═══════════════════════════════════════════════════════════════════════════"
"nao_verificavel";"20260909170000_o_with_check_da_ebd_estava_escancarado.sql";"só comandos sem objeto novo — sem acesso ao catálogo do banco";"═══════════════════════════════════════════════════════════════════════════"
"nao_verificavel";"20260909180000_resumo_semanal_digest.sql";"só função — sem acesso ao catálogo do banco";"resumo_semanal_digest()"
"nao_verificavel";"20260909181500_agenda_resumo_semanal.sql";"só comandos sem objeto novo — sem acesso ao catálogo do banco";"Agendamento do resumo semanal"
"nao_verificavel";"20260909190000_resumo_semanal_semana_comeca_domingo.sql";"só função — sem acesso ao catálogo do banco";"resumo_semanal_digest(): ""semana"" vira domingo–sábado"
"nao_verificavel";"20260909200000_fmt_brl_corrige_valores_em_alertas.sql";"só função — sem acesso ao catálogo do banco";"fmt_brl(): moeda em português, sem depender do locale do banco"
"nao_verificavel";"20260909210000_fin_exec_alertas_coluna_errada.sql";"só função — sem acesso ao catálogo do banco";"fin_exec_alertas: coluna errada travava a Visão Executiva inteira"
"nao_verificavel";"20260909220000_mais_duas_colunas_erradas_na_visao_executiva.sql";"só função — sem acesso ao catálogo do banco";"Visão Executiva: mais três erros que a migration anterior não pegou"
"nao_verificavel";"20260912013100_conserta_gatilho_fiscal_que_quebrava_todo_update.sql";"só função/dados — sem acesso ao catálogo do banco";"Conserta fiscal_sincronizar_pagamento_trigger — quebrava TODO UPDATE"
"aplicada";"20260912190000_fase1_plano_de_contas_oficial.sql";"1 objeto(s) (tabela/view/coluna) verificados presentes";"Fase 1: Plano de Contas Oficial 2025 em fin_categorias"
"nao_verificavel";"20260912194500_fase2_fecha_mapeamento_eventos_reforma.sql";"só dados — sem acesso ao catálogo do banco";"Fase 2: fecha os 2 itens ""a confirmar"" que sobraram da Fase 1"
"nao_verificavel";"20260912200000_fase3_enum_subgrupo_administracao.sql";"só enum/tipo — sem acesso ao catálogo do banco";"Fase 3 (1/2): novo valor de enum para os subgrupos contábeis da Administração"
"nao_verificavel";"20260912200500_fase3_centros_custo_subgrupos_administracao.sql";"só dados — sem acesso ao catálogo do banco";"Fase 3 (2/2): os 5 subgrupos contábeis de Ministério de Administração"
"aplicada";"20260912210000_fase4_fin_relatorio_notas.sql";"1 objeto(s) (tabela/view/coluna) verificados presentes";"Fase 4 do projeto Tesouraria: fin_relatorio_notas"
"aplicada";"20260912215000_vw_fin_resumo_mes_exclui_transferencia.sql";"1 objeto(s) (tabela/view/coluna) verificados presentes";"vw_fin_resumo_mes: transferência entre contas inflava entradas/saídas"
"aplicada";"20260912220000_fase6_fin_fechamentos_periodo.sql";"2 objeto(s) (tabela/view/coluna) verificados presentes";"Fase 6 do projeto Tesouraria: fechamento de período (não de trimestre)"
"aplicada";"20260913120000_visao_executiva_exclui_transferencia_e_null_safe.sql";"1 objeto(s) (tabela/view/coluna) verificados presentes";"Transferência entre contas: NULL-safe + Visão Executiva"
"nao_verificavel";"20260915140000_seed_centros_custo_so_ministerio.sql";"só função/dados — sem acesso ao catálogo do banco";"Sincronização de centros de custo passa a criar só ministério"
"aplicada";"20260915160000_fin_import_arquivos_trava_duplicidade.sql";"1 objeto(s) (tabela/view/coluna) verificados presentes";"Trava de duplicidade na importação do Omie"
"nao_verificavel";"20260915180000_fin_movimento_antes_de_sem_teto_300.sql";"só função — sem acesso ao catálogo do banco";"fin_movimento_antes_de — soma no banco, sem o teto de 300 linhas"
"aplicada";"20260915190000_fin_fornecedores_centro_custo_padrao.sql";"1 objeto(s) (tabela/view/coluna) verificados presentes";"fin_fornecedores.centro_custo_padrao_id"
"aplicada";"20260915200000_fin_lancamentos_nf_dados_extraidos.sql";"1 objeto(s) (tabela/view/coluna) verificados presentes";"fin_lancamentos.nf_dados_extraidos"
"nao_verificavel";"20260916000000_papel_proprietario_enum.sql";"só enum/tipo — sem acesso ao catálogo do banco";"Novo papel: proprietario"
"nao_verificavel";"20260916000100_proprietario_permissao_estruturar_financeiro.sql";"só dados — sem acesso ao catálogo do banco";"proprietario: concessão + permissão ""estruturar_financeiro"""
"aplicada";"20260917000000_orcamento_vs_real_soma_subgrupo.sql";"1 objeto(s) (tabela/view/coluna) verificados presentes";"Orçamento vs. real soma o gasto dos subgrupos no centro pai"
"aplicada";"20260917010000_centros_resumo_soma_subgrupo.sql";"1 objeto(s) (tabela/view/coluna) verificados presentes";"Resumo de centro de custo soma o gasto dos subgrupos no pai"
"aplicada";"20260917020000_fin_projetos.sql";"2 objeto(s) (tabela/view/coluna) verificados presentes";"Fase 6 do ERP financeiro: Projetos (iniciativas)"
"aplicada";"20260922010000_fin_contas_tipos_operacao.sql";"2 objeto(s) (tabela/view/coluna) verificados presentes";"Item 5 da ""PRIORIDADE MÁXIMA"" (22/09/2026): cada conta financeira passa a"
"aplicada";"20260922020000_fin_contas_transferencia_entrada_saida.sql";"2 objeto(s) (tabela/view/coluna) verificados presentes";"Refinamento do item 5 (pedido da Telma, 22/09/2026, olhando a tela em"
"nao_verificavel";"20260922030000_fin_exec_usar_data_nao_competencia.sql";"só função — sem acesso ao catálogo do banco";"Item 8 (22/09/2026): ""Visão Executiva"" aparecia com Fluxo de Caixa,"
"nao_verificavel";"20260922040000_fin_exec_indicadores_mesmo_num_dias.sql";"só função — sem acesso ao catálogo do banco";"Item 8 (refinamento, 22/09/2026): a variação % de Dízimos/Ofertas"
"nao_verificavel";"20260922050000_fin_sugerir_centro_dizimos_ofertas.sql";"só função — sem acesso ao catálogo do banco";"Pedido da Telma (22/09/2026), vendo o extrato real: ""Ofertas e Dízimos"
"aplicada";"20260922060000_fin_categorias_centro_padrao_e_sugestao_generica.sql";"1 objeto(s) (tabela/view/coluna) verificados presentes";"Pedido da Telma (22/09/2026): sugestão automática de Centro de Custo e"
"nao_verificavel";"20260922070000_parear_transferencias_importadas_sem_par.sql";"só dados — sem acesso ao catálogo do banco";"Pedido da Telma (22/09/2026): ""encontre uma solução para extratos"
"nao_verificavel";"20260922080000_resumo_semanal_destinatarios.sql";"só função — sem acesso ao catálogo do banco";"resumo_semanal_destinatarios()"
"nao_verificavel";"20260922090000_admin_resumo_semanal_config.sql";"só função — sem acesso ao catálogo do banco";"Configuração do resumo semanal — funções de administração"
"aplicada";"20260922100000_alerta_visitante_esfriando.sql";"1 objeto(s) (tabela/view/coluna) verificados presentes";"Alerta pontual — visitante esfriando"
"aplicada";"20260922110000_alerta_ata_atrasada.sql";"1 objeto(s) (tabela/view/coluna) verificados presentes";"alerta pontual: ata de reunião atrasada"
"aplicada";"20260922120000_proxima_revisao_acompanhamento.sql";"2 objeto(s) (tabela/view/coluna) verificados presentes";"data de próxima revisão — pastoral e Diaconia"
"nao_verificavel";"20260922130000_diaconia_salvar_ficha_proxima_revisao.sql";"só função/dados — sem acesso ao catálogo do banco";"diaconia_salvar_ficha() passa a aceitar proxima_revisao_em"
"aplicada";"20260922140000_fin_lancamento_anexos.sql";"1 objeto(s) (tabela/view/coluna) verificados presentes";"fin_lancamento_anexos — anexo múltiplo por lançamento"
"aplicada";"20260922150000_pix_fornecedores_contratados.sql";"6 objeto(s) (tabela/view/coluna) verificados presentes";"PIX no cadastro — tipo da chave em fornecedor, e PIX em contratado"
"aplicada";"20260923100000_fin_favoritos.sql";"1 objeto(s) (tabela/view/coluna) verificados presentes";"fin_favoritos — atalhos fixáveis do Workspace Financeiro"
"aplicada";"20260923110000_vencimentos_projeto_centro_custo.sql";"1 objeto(s) (tabela/view/coluna) verificados presentes";"vw_fin_proximos_vencimentos — projeto e centro de custo"
"nao_verificavel";"20260923120000_forma_pagamento_cheque.sql";"só enum/tipo — sem acesso ao catálogo do banco";"fin_forma_pagamento — acrescenta ""cheque"""
"aplicada";"20260923120100_formas_por_conta_e_centro_padrao.sql";"4 objeto(s) (tabela/view/coluna) verificados presentes";"Formas por conta + hierarquia de centro de custo padrão"
"nao_verificavel";"20260923120200_seed_formas_por_conta.sql";"só dados — sem acesso ao catálogo do banco";"Formas por conta — os 3 exemplos que ela mesma deu"
"nao_verificavel";"20260923130000_fin_contas_recalc_saldo_inicial.sql";"só função/gatilho — sem acesso ao catálogo do banco";"fin_contas — saldo_atual não seguia saldo_inicial ao editar a conta"
"nao_verificavel";"20260923130100_fin_exec_saldo_consolidado_usa_saldo_atual.sql";"só função — sem acesso ao catálogo do banco";"fin_exec_saldo_consolidado — parava de duplicar a fórmula do saldo"
"nao_verificavel";"20260923140000_forma_entrada_padrao_caixa_envelopes.sql";"só dados — sem acesso ao catálogo do banco";"Forma de pagamento padrão da ""Caixa de Envelopes"" para lançamentos de"
"nao_verificavel";"20260923150000_forma_pagamento_guia_fatura.sql";"só enum/tipo — sem acesso ao catálogo do banco";"fin_forma_pagamento — acrescenta ""guia"" e ""fatura"""
"nao_verificavel";"20261001101000_fin_exec_fluxo_periodo_personalizado.sql";"só função — sem acesso ao catálogo do banco";"fin_exec_fluxo_12m ganha período personalizado"
"nao_verificavel";"20261001120000_fin_centro_resumo_periodo.sql";"só função — sem acesso ao catálogo do banco";"Indicador por Centro de Custo (Dashboard Executivo)"
"nao_verificavel";"20261001140000_fin_categoria_resumo_e_ranking.sql";"só função — sem acesso ao catálogo do banco";"Indicador por Categoria (Dashboard Executivo)"
"nao_verificavel";"20261002090000_cores_reais_centros_custo.sql";"só dados — sem acesso ao catálogo do banco";"Cores reais por Centro de Custo (migration de DADOS, não de schema)"
"nao_verificavel";"20261002200000_fin_anexos_tipos_contabeis.sql";"só comandos sem objeto novo — sem acesso ao catálogo do banco";"fin_lancamento_anexos — tipos de documento do Pacote Contábil"
"pendente";"20261003130000_fin_malote_envios.sql";"objeto(s) ausentes: tabela:fin_malote_envios";"fin_malote_envios — o registro de que o malote foi ENVIADO à contabilidade"
"aplicada";"20261006120000_fin_forma_liquidacao.sql";"4 objeto(s) (tabela/view/coluna) verificados presentes";"Forma de liquidação: débito automático como fluxo próprio"
"aplicada";"20261006150000_fin_recorrencias_modelo_completo.sql";"7 objeto(s) (tabela/view/coluna) verificados presentes";"Recorrência como MODELO completo de lançamento"
"pendente";"20261006170000_fin_pessoa_pix.sql";"objeto(s) ausentes: tabela:fin_pessoa_pix";"fin_pessoa_pix — a chave Pix de uma PESSOA do catálogo (para pagar folha, RPA, côngrua)"
"aplicada";"20261006180000_missoes_aditiva.sql";"4 objeto(s) (tabela/view/coluna) verificados presentes";"Missões, parte 1 de 3 — ADITIVA: campo de campanha, metas, ajustes e subcentros novos"
"aplicada";"20261006190000_missoes_remapeamento_centros.sql";"0 saídas nos 4 centros antigos; NF R$ 337 em Material de Consumo / Min. Educação Cristã; centros padrão das categorias corretos; Pastor e Nacionais inativos";"Missões, parte 2 de 3 — REMAPEAMENTO DE CENTROS"
"aplicada";"20261006200000_missoes_campanha_remessas_e_ajuste.sql";"as 12 remessas com a campanha prevista; ajuste de R$ 12.032,69 existe e está inativo";"Missões, parte 3 de 3 — CAMPANHA DAS REMESSAS e AJUSTE HISTÓRICO"
"pendente";"20261006210000_missoes_correcoes_da_auditoria.sql";"C1 ainda em Ofertas sem campanha; C2 ainda em Dízimos; prebendas sem categoria e sem centro; despesas M1–M5 no centro antigo";"Missões — correções aprovadas da auditoria do Fundo Missionário (06/10/2026)"
"pendente";"20261006220000_missoes_bazar_centro_do_ministerio.sql";"6 de 6 lançamentos amostrados do bazar continuam sem centro";"Missões — bazar de missões: centro do Ministério (opção A, aprovada em 06/10/2026)"
"pendente";"20261006230000_missoes_panetones_cristolandia_e_bazar_fora_do_fundo.sql";"projeto Cristolândia não existe; panetones ainda em Repasses Missionários; 2 linhas de bazar ainda em Ofertas para Missões";"Missões — panetones (projeto Cristolândia) e bazar fora do Fundo Missionário (aprovado em 06/10/2026)"
"pendente";"20261006240000_missoes_pix_marca_010_alta_confianca.sql";"os 4 Pix continuam em Dízimos/Ofertas, sem campanha (migration criada hoje, para revisão)";"Missões — 4 Pix com a marca "",10"" para ""Ofertas para Missões"" (confirmado por ela em 06/10/2026)"